[
    {
        "Name": "Apple",
        "Category": "Fruit",
        "Description": "A juicy red apple.",
        "Price": 15.00,
        "ImageUrl": "apple.png"
    },
    {
        "Name": "Banana",
        "Category": "Fruit",
        "Description": "A ripe yellow banana.",
        "Price": 5.50,
        "ImageUrl": "banana.png"
    },
    {
        "Name": "Laptop",
        "Category": "Electronics",
        "Description": "A high-performance laptop with a sleek design.",
        "Price": 899.99,
        "ImageUrl": "laptop.png"
    },
    {
        "Name": "Gaming Mouse",
        "Category": "Electronics",
        "Description": "A mouse designed for gamers with precision and comfort.",
        "Price": 45.99,
        "ImageUrl": "gaming-mouse.png"
    },
    {
        "Name": "Wireless Headphones",
        "Category": "Electronics",
        "Description": "Noise-cancelling headphones with high-quality sound.",
        "Price": 120.00,
        "ImageUrl": "wireless-headphones.png"
    },
    {
        "Name": "T-shirt",
        "Category": "Clothing",
        "Description": "A comfortable cotton T-shirt available in various sizes.",
        "Price": 19.99,
        "ImageUrl": "t-shirt.png"
    },
    {
        "Name": "Jeans",
        "Category": "Clothing",
        "Description": "Stylish and durable denim jeans for everyday wear.",
        "Price": 39.99,
        "ImageUrl": "jeans.png"
    },
    {
        "Name": "Sneakers",
        "Category": "Footwear",
        "Description": "Comfortable sneakers perfect for all-day use.",
        "Price": 55.99,
        "ImageUrl": "sneakers.png"
    },
    {
        "Name": "Shampoo",
        "Category": "Personal Care",
        "Description": "A refreshing shampoo for soft and shiny hair.",
        "Price": 7.99,
        "ImageUrl": "shampoo.png"
    },
    {
        "Name": "Toothpaste",
        "Category": "Personal Care",
        "Description": "A minty toothpaste for fresh breath and healthy teeth.",
        "Price": 3.50,
        "ImageUrl": "toothpaste.png"
    },
    {
        "Name": "Smartwatch",
        "Category": "Electronics",
        "Description": "A smartwatch that tracks your fitness and notifications.",
        "Price": 199.99,
        "ImageUrl": "smartwatch.png"
    },
    {
        "Name": "Bluetooth Speaker",
        "Category": "Electronics",
        "Description": "Portable Bluetooth speaker with excellent sound quality.",
        "Price": 79.99,
        "ImageUrl": "bluetooth-speaker.png"
    },
    {
        "Name": "Coffee Maker",
        "Category": "Appliances",
        "Description": "A coffee maker that brews delicious coffee in minutes.",
        "Price": 59.99,
        "ImageUrl": "coffee-maker.png"
    },
    {
        "Name": "Microwave Oven",
        "Category": "Appliances",
        "Description": "A compact microwave oven for quick and easy cooking.",
        "Price": 89.99,
        "ImageUrl": "microwave-oven.png"
    },
    {
        "Name": "Air Purifier",
        "Category": "Home Goods",
        "Description": "An air purifier to keep your home fresh and clean.",
        "Price": 129.99,
        "ImageUrl": "air-purifier.png"
    },
    {
        "Name": "Vase",
        "Category": "Home Goods",
        "Description": "A beautiful decorative vase for flowers or as a centerpiece.",
        "Price": 22.50,
        "ImageUrl": "vase.png"
    },
    {
        "Name": "Wall Clock",
        "Category": "Home Goods",
        "Description": "A stylish wall clock to complement your living room decor.",
        "Price": 35.99,
        "ImageUrl": "wall-clock.png"
    },
    {
        "Name": "Yoga Mat",
        "Category": "Sports & Outdoors",
        "Description": "A non-slip yoga mat for your workout sessions.",
        "Price": 24.99,
        "ImageUrl": "yoga-mat.png"
    },
    {
        "Name": "Tent",
        "Category": "Sports & Outdoors",
        "Description": "A durable camping tent for all your outdoor adventures.",
        "Price": 150.00,
        "ImageUrl": "tent.png"
    }
]